id,name,code,user_type_id/id,chart_template_id/id,reconcile
account_activa_account_4600,Afschr. Gebouwen,4600,account.data_account_type_depreciation,l10n_curcao_stallantillen.l10ncarcaosaldibalans_chart_template,FALSE
account_activa_account_4610,Afschr. Transportmiddelen,4610,account.data_account_type_depreciation,l10n_curcao_stallantillen.l10ncarcaosaldibalans_chart_template,FALSE
account_activa_account_4620,Afschr. Inventaris,4620,account.data_account_type_depreciation,l10n_curcao_stallantillen.l10ncarcaosaldibalans_chart_template,FALSE
account_activa_account_4630,Afschr. Gereedschappen,4630,account.data_account_type_depreciation,l10n_curcao_stallantillen.l10ncarcaosaldibalans_chart_template,FALSE
account_activa_account_4640,Afschr. Machines,4640,account.data_account_type_depreciation,l10n_curcao_stallantillen.l10ncarcaosaldibalans_chart_template,FALSE
account_activa_account_4650,Afschr. Kranen,4650,account.data_account_type_depreciation,l10n_curcao_stallantillen.l10ncarcaosaldibalans_chart_template,FALSE
account_activa_account_4400,Accountantskosten,4400,account.data_account_type_expenses,l10n_curcao_stallantillen.l10ncarcaosaldibalans_chart_template,FALSE
account_activa_account_4410,Advieskosten,4410,account.data_account_type_expenses,l10n_curcao_stallantillen.l10ncarcaosaldibalans_chart_template,FALSE
account_activa_account_4420,Juridische kosten,4420,account.data_account_type_expenses,l10n_curcao_stallantillen.l10ncarcaosaldibalans_chart_template,FALSE
account_activa_account_4425,Administratieve dienstverlening,4425,account.data_account_type_expenses,l10n_curcao_stallantillen.l10ncarcaosaldibalans_chart_template,FALSE
account_activa_account_4500,Kantoorbenodigheden,4500,account.data_account_type_expenses,l10n_curcao_stallantillen.l10ncarcaosaldibalans_chart_template,FALSE
account_activa_account_4501,Automatiseringskosten,4501,account.data_account_type_expenses,l10n_curcao_stallantillen.l10ncarcaosaldibalans_chart_template,FALSE
account_activa_account_4531,Verzekeringen,4531,account.data_account_type_expenses,l10n_curcao_stallantillen.l10ncarcaosaldibalans_chart_template,FALSE
account_activa_account_4570,Bankkosten,4570,account.data_account_type_expenses,l10n_curcao_stallantillen.l10ncarcaosaldibalans_chart_template,FALSE
account_activa_account_4573,Maestrokosten,4573,account.data_account_type_expenses,l10n_curcao_stallantillen.l10ncarcaosaldibalans_chart_template,FALSE
account_activa_account_4590,Overige algemene Kosten,4590,account.data_account_type_expenses,l10n_curcao_stallantillen.l10ncarcaosaldibalans_chart_template,FALSE
account_activa_account_8862,Diverse baten & lasten,8862,account.data_account_type_expenses,l10n_curcao_stallantillen.l10ncarcaosaldibalans_chart_template,FALSE
account_activa_account_8863,Afboeking debiteuren,8863,account.data_account_type_expenses,l10n_curcao_stallantillen.l10ncarcaosaldibalans_chart_template,FALSE
account_activa_account_4390,Overige autokosten,4390,account.data_account_type_expenses,l10n_curcao_stallantillen.l10ncarcaosaldibalans_chart_template,FALSE
account_activa_account_1666,Betaalde omzetbelasting bij invoer,1666,account.data_account_type_current_liabilities,l10n_curcao_stallantillen.l10ncarcaosaldibalans_chart_template,FALSE
account_activa_account_1669,Af te dragen omzetbelasting,1669,account.data_account_type_current_liabilities,l10n_curcao_stallantillen.l10ncarcaosaldibalans_chart_template,FALSE
account_activa_account_1710,Loonbelasting,1710,account.data_account_type_current_liabilities,l10n_curcao_stallantillen.l10ncarcaosaldibalans_chart_template,FALSE
account_activa_account_1720,Premie AOV/AWW,1720,account.data_account_type_current_liabilities,l10n_curcao_stallantillen.l10ncarcaosaldibalans_chart_template,FALSE
account_activa_account_1722,Premie SVB ZV / OV,1722,account.data_account_type_current_liabilities,l10n_curcao_stallantillen.l10ncarcaosaldibalans_chart_template,FALSE
account_activa_account_1723,Premie BVZ,1723,account.data_account_type_current_liabilities,l10n_curcao_stallantillen.l10ncarcaosaldibalans_chart_template,FALSE
account_activa_account_1724,Premie AVBZ,1724,account.data_account_type_current_liabilities,l10n_curcao_stallantillen.l10ncarcaosaldibalans_chart_template,FALSE
account_activa_account_1810,Te betalen winstbelasting,1810,account.data_account_type_current_liabilities,l10n_curcao_stallantillen.l10ncarcaosaldibalans_chart_template,FALSE
account_activa_account_1200,Crediteuren,1200,account.data_account_type_payable,l10n_curcao_stallantillen.l10ncarcaosaldibalans_chart_template,True
account_activa_account_1100,Debiteuren,1100,account.data_account_type_receivable,l10n_curcao_stallantillen.l10ncarcaosaldibalans_chart_template,FALSE
account_activa_account_1181,Voorziening dubieuze debiteuren,1181,account.data_account_type_receivable,l10n_curcao_stallantillen.l10ncarcaosaldibalans_chart_template,TRUE
account_activa_account_600,Kapitaal,600,account.data_account_type_equity,l10n_curcao_stallantillen.l10ncarcaosaldibalans_chart_template,FALSE
account_activa_account_610,Interim dividend,610,account.data_account_type_equity,l10n_curcao_stallantillen.l10ncarcaosaldibalans_chart_template,FALSE
account_activa_account_650,Resultaat lopend boekjaar,650,account.data_account_type_equity,l10n_curcao_stallantillen.l10ncarcaosaldibalans_chart_template,FALSE
account_activa_account_680,Algemene reserve,680,account.data_account_type_equity,l10n_curcao_stallantillen.l10ncarcaosaldibalans_chart_template,FALSE
account_activa_account_8909,Resultaat deelneming,8909,account.data_account_type_revenue,l10n_curcao_stallantillen.l10ncarcaosaldibalans_chart_template,FALSE
account_activa_account_8910,Interestlasten,8910,account.data_account_type_revenue,l10n_curcao_stallantillen.l10ncarcaosaldibalans_chart_template,FALSE
account_activa_account_9020,Interestlasten (intercompany),9020,account.data_account_type_revenue,l10n_curcao_stallantillen.l10ncarcaosaldibalans_chart_template,FALSE
account_activa_account_9055,Koersverschillen,9055,account.data_account_type_revenue,l10n_curcao_stallantillen.l10ncarcaosaldibalans_chart_template,FALSE
account_activa_account_1100,Deelneming Staal Antillen Heru Fin. & Inv.,400,account.data_account_type_fixed_assets,l10n_curcao_stallantillen.l10ncarcaosaldibalans_chart_template,FALSE
account_activa_account_410,Lening Iron Maiden B.V.,410,account.data_account_type_fixed_assets,l10n_curcao_stallantillen.l10ncarcaosaldibalans_chart_template,FALSE
account_activa_account_20,"Geb, Kaya La Plata A-20",0200,account.data_account_type_fixed_assets,l10n_curcao_stallantillen.l10ncarcaosaldibalans_chart_template,FALSE
account_activa_account_25,Afschr. Geb. Kaya La Plata A-20,25,account.data_account_type_fixed_assets,l10n_curcao_stallantillen.l10ncarcaosaldibalans_chart_template,FALSE
account_activa_account_30,Nieuwbouw,30,account.data_account_type_fixed_assets,l10n_curcao_stallantillen.l10ncarcaosaldibalans_chart_template,FALSE
account_activa_account_31,Afschr. Nieuwbouw,31,account.data_account_type_fixed_assets,l10n_curcao_stallantillen.l10ncarcaosaldibalans_chart_template,FALSE
account_activa_account_32,Verbouwing Nieuwbouw,32,account.data_account_type_fixed_assets,l10n_curcao_stallantillen.l10ncarcaosaldibalans_chart_template,FALSE
account_activa_account_33,Afschr. Verbouwing nieuwbouw,33,account.data_account_type_fixed_assets,l10n_curcao_stallantillen.l10ncarcaosaldibalans_chart_template,FALSE
account_activa_account_35,Grond Nijlweg,35,account.data_account_type_fixed_assets,l10n_curcao_stallantillen.l10ncarcaosaldibalans_chart_template,FALSE
account_activa_account_36,Verbouwing Loods Nijlweg,36,account.data_account_type_fixed_assets,l10n_curcao_stallantillen.l10ncarcaosaldibalans_chart_template,FALSE
account_activa_account_37,Afschr. verbouwing Loods Nijlweg,37,account.data_account_type_fixed_assets,l10n_curcao_stallantillen.l10ncarcaosaldibalans_chart_template,FALSE
account_activa_account_4210,Elektra/water,4210,account.data_account_type_expenses,l10n_curcao_stallantillen.l10ncarcaosaldibalans_chart_template,FALSE
account_activa_account_4220,Telefoon/fax,4220,account.data_account_type_expenses,l10n_curcao_stallantillen.l10ncarcaosaldibalans_chart_template,FALSE
account_activa_account_4230,Verzekering Gebouwen,4230,account.data_account_type_expenses,l10n_curcao_stallantillen.l10ncarcaosaldibalans_chart_template,FALSE
account_activa_account_4240,Onderhoud loods en kantoor,4240,account.data_account_type_expenses,l10n_curcao_stallantillen.l10ncarcaosaldibalans_chart_template,FALSE
account_activa_account_4245,Gereedschappen,4245,account.data_account_type_expenses,l10n_curcao_stallantillen.l10ncarcaosaldibalans_chart_template,FALSE
account_activa_account_4250,Kantine/schoonmaakkosten,4250,account.data_account_type_expenses,l10n_curcao_stallantillen.l10ncarcaosaldibalans_chart_template,FALSE
account_activa_account_4255,Onroerende zaakbelasting en erfpacht,4255,account.data_account_type_expenses,l10n_curcao_stallantillen.l10ncarcaosaldibalans_chart_template,FALSE
account_activa_account_4260,Bewakingskosten,4260,account.data_account_type_expenses,l10n_curcao_stallantillen.l10ncarcaosaldibalans_chart_template,FALSE
account_activa_account_4270,Tuinonderhoud,4270,account.data_account_type_expenses,l10n_curcao_stallantillen.l10ncarcaosaldibalans_chart_template,FALSE
account_activa_account_4290,Overige huisvestingskostn,4290,account.data_account_type_expenses,l10n_curcao_stallantillen.l10ncarcaosaldibalans_chart_template,FALSE
account_activa_account_4320,Onderhoud kranen,4320,account.data_account_type_expenses,l10n_curcao_stallantillen.l10ncarcaosaldibalans_chart_template,FALSE
account_activa_account_4325,Onderhoudskosten machines,4325,account.data_account_type_expenses,l10n_curcao_stallantillen.l10ncarcaosaldibalans_chart_template,FALSE
account_activa_account_200,Kantoor Inventaris,02001,account.data_account_type_current_assets,l10n_curcao_stallantillen.l10ncarcaosaldibalans_chart_template,FALSE
account_activa_account_210,Afschr. kantoor Inventaris,210,account.data_account_type_expenses,l10n_curcao_stallantillen.l10ncarcaosaldibalans_chart_template,FALSE
account_activa_account_8049,Kostp. betonwapening,8049,account.data_account_type_current_assets,l10n_curcao_stallantillen.l10ncarcaosaldibalans_chart_template,FALSE
account_activa_account_8051,Kostp. betonstaal vlechten,8051,account.data_account_type_current_assets,l10n_curcao_stallantillen.l10ncarcaosaldibalans_chart_template,FALSE
account_activa_account_8031,Kostp. Plat/Vierkant.Rond,8031,account.data_account_type_direct_costs,l10n_curcao_stallantillen.l10ncarcaosaldibalans_chart_template,FALSE
account_activa_account_8032,Kostp. T-ijzer/Hoekstaal,8032,account.data_account_type_direct_costs,l10n_curcao_stallantillen.l10ncarcaosaldibalans_chart_template,FALSE
account_activa_account_8033,Kostp. HEA Balkstaal,8033,account.data_account_type_direct_costs,l10n_curcao_stallantillen.l10ncarcaosaldibalans_chart_template,FALSE
account_activa_account_8034,Kostp. HEB Balkstaal,8034,account.data_account_type_direct_costs,l10n_curcao_stallantillen.l10ncarcaosaldibalans_chart_template,FALSE
account_activa_account_8035,Kostp. IPE Balkstaal,8035,account.data_account_type_direct_costs,l10n_curcao_stallantillen.l10ncarcaosaldibalans_chart_template,FALSE
account_activa_account_8036,Kostp. UNP Balkstaal,8036,account.data_account_type_direct_costs,l10n_curcao_stallantillen.l10ncarcaosaldibalans_chart_template,FALSE
account_activa_account_8037,Kostp. Zwarteplaten,8037,account.data_account_type_direct_costs,l10n_curcao_stallantillen.l10ncarcaosaldibalans_chart_template,FALSE
account_activa_account_8038,Kostp. Tranenplaten,8038,account.data_account_type_direct_costs,l10n_curcao_stallantillen.l10ncarcaosaldibalans_chart_template,FALSE
account_activa_account_8039,Kostp. Gegalv. &GP platen,8039,account.data_account_type_direct_costs,l10n_curcao_stallantillen.l10ncarcaosaldibalans_chart_template,FALSE
account_activa_account_8040,Kostp. Betonstaal,8040,account.data_account_type_direct_costs,l10n_curcao_stallantillen.l10ncarcaosaldibalans_chart_template,FALSE
account_activa_account_8041,Kostp. Binddraad,8041,account.data_account_type_direct_costs,l10n_curcao_stallantillen.l10ncarcaosaldibalans_chart_template,FALSE
account_activa_account_8042,Kostp. Betonmaat,8042,account.data_account_type_direct_costs,l10n_curcao_stallantillen.l10ncarcaosaldibalans_chart_template,FALSE
account_activa_account_8043,Kostp. Kokerprofielen,8043,account.data_account_type_direct_costs,l10n_curcao_stallantillen.l10ncarcaosaldibalans_chart_template,FALSE
account_activa_account_8044,Kostp. Gegalv. Pijpen,8044,account.data_account_type_direct_costs,l10n_curcao_stallantillen.l10ncarcaosaldibalans_chart_template,FALSE
account_activa_account_8045,Kostp. Zwarte Pijipen,8045,account.data_account_type_direct_costs,l10n_curcao_stallantillen.l10ncarcaosaldibalans_chart_template,FALSE
account_activa_account_8046,Kostp. Betonblok/SP/UR,8046,account.data_account_type_direct_costs,l10n_curcao_stallantillen.l10ncarcaosaldibalans_chart_template,FALSE
account_activa_account_8054,Kostp. RVS,8054,account.data_account_type_direct_costs,l10n_curcao_stallantillen.l10ncarcaosaldibalans_chart_template,FALSE
account_activa_account_8055,Kostp. ALU,8055,account.data_account_type_direct_costs,l10n_curcao_stallantillen.l10ncarcaosaldibalans_chart_template,FALSE
account_activa_account_8056,Kostp. Overigen,8056,account.data_account_type_direct_costs,l10n_curcao_stallantillen.l10ncarcaosaldibalans_chart_template,FALSE
account_activa_account_8082,Kostp. Hekwerken,8082,account.data_account_type_direct_costs,l10n_curcao_stallantillen.l10ncarcaosaldibalans_chart_template,FALSE
account_activa_account_8090,Voorraadverschillen,8090,account.data_account_type_direct_costs,l10n_curcao_stallantillen.l10ncarcaosaldibalans_chart_template,FALSE
account_activa_account_1680,Lening Staal Antillen Heru Finanse & Investm,1680,account.data_account_type_payable,l10n_curcao_stallantillen.l10ncarcaosaldibalans_chart_template,TRUE
account_activa_account_1681,Lening White Horse B.V.,1681,account.data_account_type_payable,l10n_curcao_stallantillen.l10ncarcaosaldibalans_chart_template,TRUE
account_activa_account_1690,Lening Orco - 1,1690,account.data_account_type_payable,l10n_curcao_stallantillen.l10ncarcaosaldibalans_chart_template,TRUE
account_activa_account_1691,Lening Orco - 2,1691,account.data_account_type_payable,l10n_curcao_stallantillen.l10ncarcaosaldibalans_chart_template,TRUE
account_activa_account_1406,Kassa Point of Sale deposito's,1406,account.data_account_type_liquidity,l10n_curcao_stallantillen.l10ncarcaosaldibalans_chart_template,FALSE
account_activa_account_1416,Kleine kassa (Valery),1416,account.data_account_type_liquidity,l10n_curcao_stallantillen.l10ncarcaosaldibalans_chart_template,FALSE
account_activa_account_1420,Mcb Bank,1420,account.data_account_type_liquidity,l10n_curcao_stallantillen.l10ncarcaosaldibalans_chart_template,FALSE
account_activa_account_1422,Mcb Bank USD,1422,account.data_account_type_liquidity,l10n_curcao_stallantillen.l10ncarcaosaldibalans_chart_template,FALSE
account_activa_account_1423,Orco Bank,1423,account.data_account_type_liquidity,l10n_curcao_stallantillen.l10ncarcaosaldibalans_chart_template,FALSE
account_activa_account_105,Machines Heru,105,account.data_account_type_fixed_assets,l10n_curcao_stallantillen.l10ncarcaosaldibalans_chart_template,FALSE
account_activa_account_106,Machines Staal Heru,106,account.data_account_type_fixed_assets,l10n_curcao_stallantillen.l10ncarcaosaldibalans_chart_template,FALSE
account_activa_account_107,Afschr. Machines Staal Heru,107,account.data_account_type_depreciation,l10n_curcao_stallantillen.l10ncarcaosaldibalans_chart_template,FALSE
account_activa_account_108,Kranen,108,account.data_account_type_fixed_assets,l10n_curcao_stallantillen.l10ncarcaosaldibalans_chart_template,FALSE
account_activa_account_109,Afschr. Kranen,109,account.data_account_type_depreciation,l10n_curcao_stallantillen.l10ncarcaosaldibalans_chart_template,FALSE
account_activa_account_110,Afschrijving Machines Heru,110,account.data_account_type_depreciation,l10n_curcao_stallantillen.l10ncarcaosaldibalans_chart_template,FALSE
account_activa_account_220,Gereedschappen,220,account.data_account_type_fixed_assets,l10n_curcao_stallantillen.l10ncarcaosaldibalans_chart_template,FALSE
account_activa_account_230,Afschr. Gereedschappen,230,account.data_account_type_depreciation,l10n_curcao_stallantillen.l10ncarcaosaldibalans_chart_template,FALSE
account_activa_account_4002,Management fee,4002,account.data_account_type_expenses,l10n_curcao_stallantillen.l10ncarcaosaldibalans_chart_template,FALSE
account_activa_account_4520,Transportkosten,4520,account.data_account_type_direct_costs,l10n_curcao_stallantillen.l10ncarcaosaldibalans_chart_template,FALSE
account_activa_account_8059,Kostp. Containers,8059,account.data_account_type_direct_costs,l10n_curcao_stallantillen.l10ncarcaosaldibalans_chart_template,FALSE
account_activa_account_9010,Faktuur inboekingsverschillen,9010,account.data_account_type_direct_costs,l10n_curcao_stallantillen.l10ncarcaosaldibalans_chart_template,FALSE
account_activa_account_8019,Omzet Brandkosten,8019,account.data_account_type_direct_costs,l10n_curcao_stallantillen.l10ncarcaosaldibalans_chart_template,FALSE
account_activa_account_8030,Omzet Transport,8030,account.data_account_type_direct_costs,l10n_curcao_stallantillen.l10ncarcaosaldibalans_chart_template,FALSE
account_activa_account_4190,Overige personeelskosten,4190,account.data_account_type_expenses,l10n_curcao_stallantillen.l10ncarcaosaldibalans_chart_template,FALSE
account_activa_account_1160,Rekening-courant Iron Maiden,1160,account.data_account_type_current_liabilities,l10n_curcao_stallantillen.l10ncarcaosaldibalans_chart_template,FALSE
account_activa_account_1635,R/C Staal Antillen Heru Fin. & Inv.,1635,account.data_account_type_current_liabilities,l10n_curcao_stallantillen.l10ncarcaosaldibalans_chart_template,FALSE
account_activa_account_1660,Tussenrekening Vracht,1660,account.data_account_type_current_liabilities,l10n_curcao_stallantillen.l10ncarcaosaldibalans_chart_template,FALSE
account_activa_account_1661,Tussenrekening invoerrechten,1661,account.data_account_type_current_liabilities,l10n_curcao_stallantillen.l10ncarcaosaldibalans_chart_template,FALSE
account_activa_account_1662,Tussenrekening Lossing,1662,account.data_account_type_current_liabilities,l10n_curcao_stallantillen.l10ncarcaosaldibalans_chart_template,FALSE
account_activa_account_1740,Diverse inhoudingen personeel,1740,account.data_account_type_current_liabilities,l10n_curcao_stallantillen.l10ncarcaosaldibalans_chart_template,FALSE
account_activa_account_1750,Netto salarissen,1750,account.data_account_type_current_liabilities,l10n_curcao_stallantillen.l10ncarcaosaldibalans_chart_template,FALSE
account_activa_account_1751,Zaterdagwerkzaamheden,1751,account.data_account_type_current_liabilities,l10n_curcao_stallantillen.l10ncarcaosaldibalans_chart_template,FALSE
account_activa_account_1755,Te reserveren gratificaties,1755,account.data_account_type_current_liabilities,l10n_curcao_stallantillen.l10ncarcaosaldibalans_chart_template,FALSE
account_activa_account_1760,Vakantiegelden,1760,account.data_account_type_current_liabilities,l10n_curcao_stallantillen.l10ncarcaosaldibalans_chart_template,FALSE
account_activa_account_1762,Adviseursbeloning,1762,account.data_account_type_current_liabilities,l10n_curcao_stallantillen.l10ncarcaosaldibalans_chart_template,FALSE
account_activa_account_1880,Accountantskosten,1880,account.data_account_type_current_liabilities,l10n_curcao_stallantillen.l10ncarcaosaldibalans_chart_template,FALSE
account_activa_account_1890,Diverse Schulden,1890,account.data_account_type_current_liabilities,l10n_curcao_stallantillen.l10ncarcaosaldibalans_chart_template,FALSE
account_activa_account_1120,Waarborgsommen,1120,account.data_account_type_prepayments,l10n_curcao_stallantillen.l10ncarcaosaldibalans_chart_template,FALSE
account_activa_account_1125,Vooruitbetaalde verzekeringen,1125,account.data_account_type_prepayments,l10n_curcao_stallantillen.l10ncarcaosaldibalans_chart_template,FALSE
account_activa_account_1180,Overige Vorderingen,1180,account.data_account_type_prepayments,l10n_curcao_stallantillen.l10ncarcaosaldibalans_chart_template,FALSE
account_activa_account_1480,Vraagposten,1480,account.data_account_type_prepayments,l10n_curcao_stallantillen.l10ncarcaosaldibalans_chart_template,FALSE
account_activa_account_1490,Kruisposten,1490,account.data_account_type_prepayments,l10n_curcao_stallantillen.l10ncarcaosaldibalans_chart_template,FALSE
account_activa_account_8001,Omzet Plat/Vierkant/Rond,8001,account.data_account_off_sheet,l10n_curcao_stallantillen.l10ncarcaosaldibalans_chart_template,FALSE
account_activa_account_8002,Omzet T-ijzer/Hoekstaal,8002,account.data_account_off_sheet,l10n_curcao_stallantillen.l10ncarcaosaldibalans_chart_template,FALSE
account_activa_account_8003,Omzet HEA Balkstaal,8003,account.data_account_off_sheet,l10n_curcao_stallantillen.l10ncarcaosaldibalans_chart_template,FALSE
account_activa_account_8004,Omzet HEB Balkstaal,8004,account.data_account_off_sheet,l10n_curcao_stallantillen.l10ncarcaosaldibalans_chart_template,FALSE
account_activa_account_8005,Omzet IPE Balkstaal,8005,account.data_account_off_sheet,l10n_curcao_stallantillen.l10ncarcaosaldibalans_chart_template,FALSE
account_activa_account_8006,Omzet UNP Balkstaal,8006,account.data_account_off_sheet,l10n_curcao_stallantillen.l10ncarcaosaldibalans_chart_template,FALSE
account_activa_account_8007,Omzet Zwarteplaten,8007,account.data_account_off_sheet,l10n_curcao_stallantillen.l10ncarcaosaldibalans_chart_template,FALSE
account_activa_account_8008,Omzet Tranenplaten,8008,account.data_account_off_sheet,l10n_curcao_stallantillen.l10ncarcaosaldibalans_chart_template,FALSE
account_activa_account_8009,Omzet Gegalv. & Gp platen,8009,account.data_account_off_sheet,l10n_curcao_stallantillen.l10ncarcaosaldibalans_chart_template,FALSE
account_activa_account_8010,Omzet Betonstaal,8010,account.data_account_off_sheet,l10n_curcao_stallantillen.l10ncarcaosaldibalans_chart_template,FALSE
account_activa_account_8011,Omzet Binddraad,8011,account.data_account_off_sheet,l10n_curcao_stallantillen.l10ncarcaosaldibalans_chart_template,FALSE
account_activa_account_8012,Omzet Betonmat,8012,account.data_account_off_sheet,l10n_curcao_stallantillen.l10ncarcaosaldibalans_chart_template,FALSE
account_activa_account_8013,Omzet Kokerprofielen,8013,account.data_account_off_sheet,l10n_curcao_stallantillen.l10ncarcaosaldibalans_chart_template,FALSE
account_activa_account_8014,Omzet Gegalv. Pijpen,8014,account.data_account_off_sheet,l10n_curcao_stallantillen.l10ncarcaosaldibalans_chart_template,FALSE
account_activa_account_8015,Omzet Zwarte Pijpen,8015,account.data_account_off_sheet,l10n_curcao_stallantillen.l10ncarcaosaldibalans_chart_template,FALSE
account_activa_account_8016,Omzet Betonblok/SP/UR/,8016,account.data_account_off_sheet,l10n_curcao_stallantillen.l10ncarcaosaldibalans_chart_template,FALSE
account_activa_account_8026,Omzet Overige,8026,account.data_account_off_sheet,l10n_curcao_stallantillen.l10ncarcaosaldibalans_chart_template,FALSE
account_activa_account_8052,Omzet RVS,8052,account.data_account_off_sheet,l10n_curcao_stallantillen.l10ncarcaosaldibalans_chart_template,FALSE
account_activa_account_8053,Omzet ALU,8053,account.data_account_off_sheet,l10n_curcao_stallantillen.l10ncarcaosaldibalans_chart_template,FALSE
account_activa_account_8081,Omzet hekwerken,8081,account.data_account_off_sheet,l10n_curcao_stallantillen.l10ncarcaosaldibalans_chart_template,FALSE
account_activa_account_4000,Salarissen,400011,account.data_account_off_sheet,l10n_curcao_stallantillen.l10ncarcaosaldibalans_chart_template,FALSE
account_activa_account_4001,SVB Loonderving,4001,account.data_account_off_sheet,l10n_curcao_stallantillen.l10ncarcaosaldibalans_chart_template,FALSE
account_activa_account_4010,Overuren,4010,account.data_account_off_sheet,l10n_curcao_stallantillen.l10ncarcaosaldibalans_chart_template,FALSE
account_activa_account_4014,Zaterdagvergoeding,4014,account.data_account_off_sheet,l10n_curcao_stallantillen.l10ncarcaosaldibalans_chart_template,FALSE
account_activa_account_4015,Etenvergoeding,4015,account.data_account_off_sheet,l10n_curcao_stallantillen.l10ncarcaosaldibalans_chart_template,FALSE
account_activa_account_4016,Ziektedagen/absentie,4016,account.data_account_off_sheet,l10n_curcao_stallantillen.l10ncarcaosaldibalans_chart_template,FALSE
account_activa_account_4020,Vakantiegeld,4020,account.data_account_off_sheet,l10n_curcao_stallantillen.l10ncarcaosaldibalans_chart_template,FALSE
account_activa_account_4022,Reservering vakantiegeld,4022,account.data_account_off_sheet,l10n_curcao_stallantillen.l10ncarcaosaldibalans_chart_template,FALSE
account_activa_account_4023,Reservering 13de maand,4023,account.data_account_off_sheet,l10n_curcao_stallantillen.l10ncarcaosaldibalans_chart_template,FALSE
account_activa_account_4024,Uitbetaalde vakantiedagen,4024,account.data_account_off_sheet,l10n_curcao_stallantillen.l10ncarcaosaldibalans_chart_template,FALSE
account_activa_account_4030,Gratificaties,4030,account.data_account_off_sheet,l10n_curcao_stallantillen.l10ncarcaosaldibalans_chart_template,FALSE
account_activa_account_4100,Premie Cessantia,410011,account.data_account_type_current_liabilities,l10n_curcao_stallantillen.l10ncarcaosaldibalans_chart_template,FALSE
account_activa_account_4110,Premie AOV/AWW,4110,account.data_account_type_current_liabilities,l10n_curcao_stallantillen.l10ncarcaosaldibalans_chart_template,FALSE
account_activa_account_4111,Premie SVB ZV WG,4111,account.data_account_type_current_liabilities,l10n_curcao_stallantillen.l10ncarcaosaldibalans_chart_template,FALSE
account_activa_account_4112,Premie SVB OV WG,4112,account.data_account_type_current_liabilities,l10n_curcao_stallantillen.l10ncarcaosaldibalans_chart_template,FALSE
account_activa_account_4113,Premie AVBZ WG,4113,account.data_account_type_current_liabilities,l10n_curcao_stallantillen.l10ncarcaosaldibalans_chart_template,FALSE
account_activa_account_4114,Premie BVZ,4114,account.data_account_type_current_liabilities,l10n_curcao_stallantillen.l10ncarcaosaldibalans_chart_template,FALSE
account_activa_account_4118,Verzekering personeel,4118,account.data_account_type_current_liabilities,l10n_curcao_stallantillen.l10ncarcaosaldibalans_chart_template,FALSE
account_activa_account_4540,Advertentie kosten,4540,account.data_account_type_expenses,l10n_curcao_stallantillen.l10ncarcaosaldibalans_chart_template,FALSE
account_activa_account_4550,Representatie kosten,4550,account.data_account_type_expenses,l10n_curcao_stallantillen.l10ncarcaosaldibalans_chart_template,FALSE
account_activa_account_4560,Reis- en verblijfskosten,4560,account.data_account_type_expenses,l10n_curcao_stallantillen.l10ncarcaosaldibalans_chart_template,FALSE
account_activa_account_185,Vorkhef truck 5 ton,185,account.data_account_type_fixed_assets,l10n_curcao_stallantillen.l10ncarcaosaldibalans_chart_template,FALSE
account_activa_account_186,Afschr. Vorkhef truck 5 ton,186,account.data_account_type_depreciation,l10n_curcao_stallantillen.l10ncarcaosaldibalans_chart_template,FALSE
account_activa_account_190,Toyota Forklift diesel,190,account.data_account_type_fixed_assets,l10n_curcao_stallantillen.l10ncarcaosaldibalans_chart_template,FALSE
account_activa_account_191,Afschr. Forklift,191,account.data_account_type_depreciation,l10n_curcao_stallantillen.l10ncarcaosaldibalans_chart_template,FALSE
account_activa_account_196,Nissan Kicks,196,account.data_account_type_fixed_assets,l10n_curcao_stallantillen.l10ncarcaosaldibalans_chart_template,FALSE
account_activa_account_197,Afschrijving Nissan Kicks,197,account.data_account_type_depreciation,l10n_curcao_stallantillen.l10ncarcaosaldibalans_chart_template,FALSE
account_activa_account_198,Vorklift Metalworks,198,account.data_account_type_fixed_assets,l10n_curcao_stallantillen.l10ncarcaosaldibalans_chart_template,FALSE
account_activa_account_199,Afschr. Vorklift Metalworks,199,account.data_account_type_depreciation,l10n_curcao_stallantillen.l10ncarcaosaldibalans_chart_template,FALSE
account_activa_account_3001,Vrrd. Plat/Vierkant/Rond,3001,account.data_account_type_current_assets,l10n_curcao_stallantillen.l10ncarcaosaldibalans_chart_template,FALSE
account_activa_account_3002,Vrrd. T-ijzer/Hoekstaal,3002,account.data_account_type_current_assets,l10n_curcao_stallantillen.l10ncarcaosaldibalans_chart_template,FALSE
account_activa_account_3003,Vrrd. HEA Balkstaal,3003,account.data_account_type_current_assets,l10n_curcao_stallantillen.l10ncarcaosaldibalans_chart_template,FALSE
account_activa_account_3004,Vrrd. HEB Balken,3004,account.data_account_type_current_assets,l10n_curcao_stallantillen.l10ncarcaosaldibalans_chart_template,FALSE
account_activa_account_3005,Vrrd. IPE Balkstaal,3005,account.data_account_type_current_assets,l10n_curcao_stallantillen.l10ncarcaosaldibalans_chart_template,FALSE
account_activa_account_3006,Vrrd. UNP Balkstaal,3006,account.data_account_type_current_assets,l10n_curcao_stallantillen.l10ncarcaosaldibalans_chart_template,FALSE
account_activa_account_3007,Vrrd. Zwarteplaten,3007,account.data_account_type_current_assets,l10n_curcao_stallantillen.l10ncarcaosaldibalans_chart_template,FALSE
account_activa_account_3008,Vrrd. Tranenplaten,3008,account.data_account_type_current_assets,l10n_curcao_stallantillen.l10ncarcaosaldibalans_chart_template,FALSE
account_activa_account_3009,Vrrd. Gegalvaniseerd & Geperforeerde platen,3009,account.data_account_type_current_assets,l10n_curcao_stallantillen.l10ncarcaosaldibalans_chart_template,FALSE
account_activa_account_3010,Vrrd. Betonstaal,3010,account.data_account_type_current_assets,l10n_curcao_stallantillen.l10ncarcaosaldibalans_chart_template,FALSE
account_activa_account_3011,Vrrd. Binddraad,3011,account.data_account_type_current_assets,l10n_curcao_stallantillen.l10ncarcaosaldibalans_chart_template,FALSE
account_activa_account_3012,Vrrd. Betonmatten,3012,account.data_account_type_current_assets,l10n_curcao_stallantillen.l10ncarcaosaldibalans_chart_template,FALSE
account_activa_account_3013,Vrrd. Kokerprofielen,3013,account.data_account_type_current_assets,l10n_curcao_stallantillen.l10ncarcaosaldibalans_chart_template,FALSE
account_activa_account_3014,Vrrd. Gegalv. pijpen,3014,account.data_account_type_current_assets,l10n_curcao_stallantillen.l10ncarcaosaldibalans_chart_template,FALSE
account_activa_account_3015,Vrrd. Zwarte Pijpen,3015,account.data_account_type_current_assets,l10n_curcao_stallantillen.l10ncarcaosaldibalans_chart_template,FALSE
account_activa_account_3016,Vrrd. Betonblokjes/SP/UR/,3016,account.data_account_type_current_assets,l10n_curcao_stallantillen.l10ncarcaosaldibalans_chart_template,FALSE
account_activa_account_3017,Vrrd. Overige,3017,account.data_account_type_current_assets,l10n_curcao_stallantillen.l10ncarcaosaldibalans_chart_template,FALSE
account_activa_account_3025,Vrrd. Roestvrij staal,3025,account.data_account_type_current_assets,l10n_curcao_stallantillen.l10ncarcaosaldibalans_chart_template,FALSE
account_activa_account_3026,Vrrd. Aluminium,3026,account.data_account_type_current_assets,l10n_curcao_stallantillen.l10ncarcaosaldibalans_chart_template,FALSE
account_activa_account_3027,Vrrd. Hekwerken,3027,account.data_account_type_current_assets,l10n_curcao_stallantillen.l10ncarcaosaldibalans_chart_template,FALSE
account_activa_account_3090,Voorziening Voorraad,3090,account.data_account_type_current_assets,l10n_curcao_stallantillen.l10ncarcaosaldibalans_chart_template,FALSE
account_activa_account_1800,Voorzieningen latente belastingen,1800,account.data_account_type_current_liabilities,l10n_curcao_stallantillen.l10ncarcaosaldibalans_chart_template,FALSE
account_activa_account_3030,Werken Heru,3030,account.data_account_type_current_assets,l10n_curcao_stallantillen.l10ncarcaosaldibalans_chart_template,FALSE
account_activa_account_3050,Voorraad Heru,3050,account.data_account_type_current_assets,l10n_curcao_stallantillen.l10ncarcaosaldibalans_chart_template,FALSE
account_activa_account_8990,Winstbelasting,8990,account.data_account_off_sheet,l10n_curcao_stallantillen.l10ncarcaosaldibalans_chart_template,FALSE
